{
	"pattrstorage" : 	{
		"name" : "storage",
		"slots" : 		{
			"1" : 			{
				"id" : 1,
				"data" : 				{
					"u407002469" : [  ],
					"bp.Poisson::Chaos[1]" : [ 50.0 ],
					"bp.Poisson::DurationCV[1]" : [ 1.0 ],
					"bp.Poisson::GateWidth[1]" : [ 50.0 ],
					"bp.Poisson::InvertRateCV[1]" : [ 0.0 ],
					"bp.Poisson::LimitDuration[1]" : [ 0.0 ],
					"bp.Poisson::LongestDuration[1]" : [ 10000.0 ],
					"bp.Poisson::Mute[6]" : [ 0.0 ],
					"bp.Poisson::NextIn[1]" : [ 2211.483333 ],
					"bp.Poisson::Rate[1]" : [ 5952.128903 ],
					"bp.Poisson::Subdivide[1]" : [ 1.0 ],
					"bp.Poisson::Triggered[1]" : [ 1.0 ],
					"bp.Morphing Sequencer::ClockSelect" : [ 1.0 ],
					"bp.Morphing Sequencer::CurrentStep" : [ 0.0, 0.0, 0.0, 0.0, 0.0, 0.0, 0.0, 0.0, 0.0, 1.0, 0.0, 0.0, 0.0, 0.0, 0.0, 0.0 ],
					"bp.Morphing Sequencer::EditMode" : [ 0.0 ],
					"bp.Morphing Sequencer::LoopEnd" : [ 16.0 ],
					"bp.Morphing Sequencer::LoopStart" : [ 4.0 ],
					"bp.Morphing Sequencer::Pulse" : [ 1.0 ],
					"bp.Morphing Sequencer::Reset" : [ 0.0 ],
					"bp.Morphing Sequencer::Sequence" : [ 0.132577, 0.173393, 0.204234, 0.183673, 0.193496, 0.173545, 0.15329, 0.173851, 0.15329, 0.173545, 0.183673, 0.204234, 0.184284, 0.132882, 0.122602, 0.122602 ],
					"bp.Morphing Sequencer::Sync" : [ 0.0 ],
					"bp.Morphing Sequencer::max pulse[1]" : [ 4.0 ],
					"bp.Morphing Sequencer::mute" : [ 0.0 ],
					"bp.Morphing Sequencer::swing amount" : [ 0.0 ],
					"bp.Morphing Sequencer::swing switch" : [ 0.0 ],
					"bp.Morphing Sequencer::harmonic_management::b_state" : [ 0.142857, 0.183673, 0.183673, 0.183673, 0.244898, 0.163265, 0.122449, 0.122449, 0.122449, 0.163265, 0.183673, 0.183673, 0.102041, 0.102041, 0.102041, 0.102041 ],
					"bp.Morphing Sequencer::harmonic_management::a_state" : [ 0.122449, 0.163265, 0.22449, 0.183673, 0.142857, 0.183673, 0.183673, 0.22449, 0.183673, 0.183673, 0.183673, 0.22449, 0.265306, 0.163265, 0.142857, 0.142857 ],
					"bpGLLFO::Bias" : [ 0.0 ],
					"bpGLLFO::Follow" : [ 0.0 ],
					"bpGLLFO::Frequency" : [ 14.695151 ],
					"bpGLLFO::Mute" : [ 0.0 ],
					"bpGLLFO::Phase" : [ 0.0 ],
					"bpGLLFO::Pulse" : [ "off" ],
					"bpGLLFO::Scale" : [ 5.511811 ],
					"bpGLLFO::Shape" : [ "random" ],
					"bpGLLFO::domain" : [ 68.049657 ],
					"bpGLLFO::live.text" : [ 0.0 ],
					"bp.Frequency Shifter::CV2" : [ 62.992126 ],
					"bp.Frequency Shifter::CV2[1]" : [ 100.0 ],
					"bp.Frequency Shifter::DryWetMix" : [ 83.858268 ],
					"bp.Frequency Shifter::Freq" : [ 16.190205 ],
					"bp.Frequency Shifter::FreqMode" : [ 0.0 ],
					"bp.Frequency Shifter::Linear" : [ 0.0 ],
					"bp.Frequency Shifter::Mute" : [ 0.0 ],
					"bp.Frequency Shifter::Offset" : [ 0.0 ],
					"bp.Frequency Shifter::ThruZero" : [ 1.0 ],
					"bp.HPF::CV1[1]" : [ 40.15748 ],
					"bp.HPF::CV2[1]" : [ 0.0 ],
					"bp.HPF::CV3[1]" : [ 0.0 ],
					"bp.HPF::Freq" : [ 518.711547 ],
					"bp.HPF::FreqMode" : [ 0.0 ],
					"bp.HPF::Offset[2]" : [ 0.0 ],
					"bp.HPF::Res" : [ 48.031496 ],
					"bp.HPF::power[1]" : [ 0.0 ],
					"bp.DFLFO[1]::Delay" : [ 2.015371 ],
					"bp.DFLFO[1]::Fade" : [ 5.980704 ],
					"bp.DFLFO[1]::FadeInOut" : [ 1.0 ],
					"bp.DFLFO[1]::Frequency" : [ 0.134582 ],
					"bp.DFLFO[1]::Mute" : [ 0.0 ],
					"bp.DFLFO[1]::SpectraShape" : [ 0.0 ],
					"bp.DFLFO[1]::Sync" : [ 0.0 ],
					"bp.DFLFO[1]::SyncPhase" : [ 0.0 ],
					"bp.Macro Oscillator::CV2" : [ 0.0 ],
					"bp.Macro Oscillator::CV3" : [ 0.0 ],
					"bp.Macro Oscillator::Color" : [ 0.15748 ],
					"bp.Macro Oscillator::ColorCV" : [ 1.0 ],
					"bp.Macro Oscillator::Freq" : [ 700.963826 ],
					"bp.Macro Oscillator::FreqMode" : [ 0.0 ],
					"bp.Macro Oscillator::Macro" : [ 0 ],
					"bp.Macro Oscillator::Mute" : [ 0.0 ],
					"bp.Macro Oscillator::Offset[2]" : [ 17.062038 ],
					"bp.Macro Oscillator::Timbre" : [ 1.653543 ],
					"bp.Macro Oscillator::TimbreCV" : [ 31.496063 ]
				}

			}

		}

	}

}
